DateTime,NavigatedToUrl,PageTitle
2024-05-30T23:36:00.791Z,https://support.microsoft.com/en-us/windows/troubleshoot-windows-media-player-errors-b3a9ccc1-6267-093e-0aa3-ea860644ecd4,Troubleshoot Windows Media Player Errors - Microsoft Support
2024-05-30T23:27:29.791Z,https://accounts.google.com/v3/signin/identifier?continue=https%3A%2F%2Fdocs.google.com%2Fdocument%2F%3Fusp%3Ddrive_fs&followup=https%3A%2F%2Fdocs.google.com%2Fdocument%2F%3Fusp%3Ddrive_fs&ifkv=AaSxoQw4sywQEbgv9ZJsAKXb7wV9yqqnW_y3a-hr8oWTeHG1T8yGz7GP9eibHmm0YDr5N0ChK5Te&ltmpl=docs&osid=1&passive=1209600&service=wise&flowName=GlifWebSignIn&flowEntry=ServiceLogin&dsh=S1109167221%3A1717111649139755&ddm=0,Google Docs: Sign-in
2024-05-30T22:49:08.176Z,https://outlook.live.com/mail/0/inbox/id/AQQkADAwATM0MDAAMS03MzlkLTVmODgALTAwAi0wMAoAEAD5YpuIJ0i1QIYiWCDgve2V?actSwt=true,Mail - Steph Chafe - Outlook
2024-05-30T22:49:02.991Z,https://outlook.live.com/mail/0/inbox/id/AQQkADAwATM0MDAAMS03MzlkLTVmODgALTAwAi0wMAoAEAAIvvCCHyT9TI0mDIljr7UO?actSwt=true,Mail - Steph Chafe - Outlook
2024-05-30T22:48:55.814Z,https://accounts.google.com/v3/signin/identifier?continue=https%3A%2F%2Fmyaccount.google.com%3Futm_source%3Daccount-marketing-page%26utm_medium%3Dgo-to-account-button&ifkv=AS5LTAThQ_XDAYpK5ApufuqdhJK8pIWKOa3ofjiAdXaUY-YeY3RzjO7PMXKCP_1eMksGI8lPoDgOfg&service=accountsettings&flowName=GlifWebSignIn&flowEntry=ServiceLogin&dsh=S-1878260529%3A1717105817915555&ddm=0,Sign in - Google Accounts
2024-05-30T22:30:25.454Z,https://www.tiktok.com/@marlonwireless/video/7086920620692229419,Log in | TikTok
2024-05-30T22:29:55.557Z,https://www.bing.com/videos/search?q=Restore+iPhone+From+PC&qs=n&form=QBVLPG&sp=-1&lq=0&pq=restore+iphone+from+pc&sc=6-22&sk=&cvid=F3FA349E9CB641A59E2B360466A86E0C&ghsh=0&ghacc=0&ghpl=,Restore iPhone From PC - Search Videos
2024-05-30T22:28:25.599Z,https://www.bing.com/videos/riverview/relatedvideo?q=Restore%20iPhone%20From%20PC&mid=299A85E5A4E12C1844E2299A85E5A4E12C1844E2&ajaxhist=0,Bing Videos
2024-05-30T22:27:44.036Z,https://www.bing.com/videos/riverview/relatedvideo?&q=Restore+iPhone+From+PC&&mid=299A85E5A4E12C1844E2299A85E5A4E12C1844E2&&FORM=VRDGAR,Bing Videos
2024-05-30T22:27:40.291Z,https://www.bing.com/videos/search?q=Restore+iPhone+From+PC&FORM=RESTAB,Restore iPhone From PC - Search Videos
2024-05-30T22:27:35.462Z,https://www.bing.com/videos/search?q=Restore+iPhone+From+Computer&FORM=VARSQP,Restore iPhone From PC - Search Videos
2024-05-30T22:27:35.324Z,https://www.bing.com/search?q=restore+iphone+from+previous+backup&FORM=LGWQS2,restore iphone from previous backup - Search
2024-05-30T22:27:35.252Z,https://www.bing.com/ck/a?!&&p=50a21f6e660a7d18JmltdHM9MTcxNzAyNzIwMCZpZ3VpZD0wMWFlNjgwNC05MWNiLTY4YjgtMjgyNS03YzhiOTA0NzY5YzQmaW5zaWQ9NTYyMQ&ptn=3&ver=2&hsh=3&fclid=01ae6804-91cb-68b8-2825-7c8b904769c4&u=a1L3ZpZGVvcy9zZWFyY2g_cT1SZXN0b3JlK2lQaG9uZStGcm9tK0NvbXB1dGVyJkZPUk09VkFSU1FQ&ntb=1,
2024-05-30T22:25:45.546Z,https://www.bing.com/search?q=restore+iphone&form=WSHBSH&qs=LS&cvid=38b31a3a26084bd594d18fa3f767139a&pq=&cc=CA&setlang=en-US&nclid=65F8D6E8D59B3B23F36126FDEBAC96DC&ts=1717107863119&wsso=Moderate,restore iphone - Search
2024-05-30T22:25:45.447Z,https://www.bing.com/ck/a?!&&p=e3eca97d1027e1daJmltdHM9MTcxNzAyNzIwMCZpZ3VpZD0wMWFlNjgwNC05MWNiLTY4YjgtMjgyNS03YzhiOTA0NzY5YzQmaW5zaWQ9NTgyOA&ptn=3&ver=2&hsh=3&fclid=01ae6804-91cb-68b8-2825-7c8b904769c4&u=a1L3NlYXJjaD9xPXJlc3RvcmUraXBob25lK2Zyb20rcHJldmlvdXMrYmFja3VwJkZPUk09TEdXUVMy&ntb=1,
2024-05-30T22:25:23.861Z,https://www.tenorshare.net/thankyou/bing/reiboot.html,Thanks for installing Tenorshare ReiBoot!
2024-05-30T22:24:39.814Z,https://www.tenorshare.net/ads/bing/reiboot-factory-reset.html?msclkid=5c22dbd34ad91387d0b8bd8bb64ed1a5&utm_source=bing&utm_medium=cpc&utm_campaign=Reiboot_EN_Search_Bing_FUC_S_PID1342&utm_term=restore%20iphone&utm_content=Reset%20-%20EM,Tenorshare ReiBoot – Factory Reset iPhone/iPad without iTunes
2024-05-30T22:24:39.669Z,https://www.bing.com/aclk?ld=e8L1FFWPggCGgFsCGvCMc8yDVUCUxcu2419y2aIV8XBChmeGIga5_dKOR4H3gCQnq9hYH29A_h0eacZT67iCR8Pag5BUsgH6Thp0TLNpLju24e9Kk_EUA_WRF4nL0hfaCWGYYR9Iu9f0IqD6JdZBXSvs07ks3UC9fKtstTctOMM5NtiolKnNvEGr3GxzNMmiXO_gG06Q&u=aHR0cHMlM2ElMmYlMmZ3d3cudGVub3JzaGFyZS5uZXQlMmZhZHMlMmZiaW5nJTJmcmVpYm9vdC1mYWN0b3J5LXJlc2V0Lmh0bWwlM2Ztc2Nsa2lkJTNkNWMyMmRiZDM0YWQ5MTM4N2QwYjhiZDhiYjY0ZWQxYTUlMjZ1dG1fc291cmNlJTNkYmluZyUyNnV0bV9tZWRpdW0lM2RjcGMlMjZ1dG1fY2FtcGFpZ24lM2RSZWlib290X0VOX1NlYXJjaF9CaW5nX0ZVQ19TX1BJRDEzNDIlMjZ1dG1fdGVybSUzZHJlc3RvcmUlMjUyMGlwaG9uZSUyNnV0bV9jb250ZW50JTNkUmVzZXQlMjUyMC0lMjUyMEVN&rlid=5c22dbd34ad91387d0b8bd8bb64ed1a5&ntb=1,
2024-05-30T22:24:23.493Z,https://www.bing.com/search?q=restore+iphone&form=WSHBSH&qs=LS&cvid=38b31a3a26084bd594d18fa3f767139a&pq=&cc=CA&setlang=en-US&nclid=65F8D6E8D59B3B23F36126FDEBAC96DC&ts=1717107863119&nclidts=1717107863&tsms=119&wsso=Moderate,restore iphone - Search
2024-05-30T22:21:16.520Z,https://support.apple.com/en-ca/guide/itunes/itns5ecc4d98/12.13/windows/10,Sync iTunes content on PC with your devices - Apple Support (CA)
2024-05-30T22:21:12.308Z,https://support.apple.com/en-ca/guide/itunes/itns3751d862/12.13/windows/10,Sync iTunes content on PC with devices on Wi-Fi - Apple Support (CA)
2024-05-30T22:20:46.187Z,https://support.apple.com/en-ca/guide/itunes/itnsdb1fe305/windows,"Restore your iPhone, iPad, or iPod touch in iTunes on PC - Apple Support (CA)"
2024-05-30T22:20:44.880Z,https://www.bing.com/search?q=restore+iphone+from+computer&FORM=LGWQS3,restore iphone from computer - Search
2024-05-30T22:20:44.836Z,https://www.bing.com/ck/a?!&&p=41b73ccb046bdbb6JmltdHM9MTcxNzAyNzIwMCZpZ3VpZD0wMWFlNjgwNC05MWNiLTY4YjgtMjgyNS03YzhiOTA0NzY5YzQmaW5zaWQ9NTIxOQ&ptn=3&ver=2&hsh=3&fclid=01ae6804-91cb-68b8-2825-7c8b904769c4&psq=restore+iphone+from+computer&u=a1aHR0cHM6Ly9zdXBwb3J0LmFwcGxlLmNvbS9ndWlkZS9pdHVuZXMvcmVzdG9yZS10by1mYWN0b3J5LXNldHRpbmdzLWl0bnNkYjFmZTMwNS93aW5kb3dz&ntb=1,
2024-05-30T22:20:33.477Z,https://www.bing.com/search?q=restore+iphone&form=WSBEDG&qs=LS&cvid=b0794394eafc4799b48f094c1bc66535&pq=restore+ip&cc=CA&setlang=en-US&nclid=65F8D6E8D59B3B23F36126FDEBAC96DC&ts=1717107618313&wsso=Moderate,restore iphone - Search
2024-05-30T22:20:33.449Z,https://www.bing.com/ck/a?!&&p=21fb974c7d8ee3b8JmltdHM9MTcxNzAyNzIwMCZpZ3VpZD0wMWFlNjgwNC05MWNiLTY4YjgtMjgyNS03YzhiOTA0NzY5YzQmaW5zaWQ9NTcyMA&ptn=3&ver=2&hsh=3&fclid=01ae6804-91cb-68b8-2825-7c8b904769c4&u=a1L3NlYXJjaD9xPXJlc3RvcmUraXBob25lK2Zyb20rY29tcHV0ZXImRk9STT1MR1dRUzM&ntb=1,
2024-05-30T22:20:25.529Z,https://www.tenorshare.net/ads/bing/reiboot-factory-reset.html?msclkid=f85003e66b5717f3768665be90f5e75f&utm_source=bing&utm_medium=cpc&utm_campaign=Reiboot_EN_Search_Bing_FUC_S_PID1342&utm_term=restore%20iphone&utm_content=Reset%20-%20EM,Tenorshare ReiBoot – Factory Reset iPhone/iPad without iTunes
2024-05-30T22:20:25.327Z,https://www.bing.com/aclk?ld=e83dlJ174E8Lp5Xw8-EcVmRDVUCUxvt7X2ij69iq_TYt7N3kivH-KnG5JxDhOwb0-DyO75SWc8CTpPEFIC90EyctAPI9t1ZjjaaBtZuti1B4N9gyG9ISB_XQzEAXtZq-N2gUFVt30zWj-khwYencjvE_i8x2bvg7PMa36jA0Xjx-zLoQ6uFoQnQuedGQEajosgQV3KnQ&u=aHR0cHMlM2ElMmYlMmZ3d3cudGVub3JzaGFyZS5uZXQlMmZhZHMlMmZiaW5nJTJmcmVpYm9vdC1mYWN0b3J5LXJlc2V0Lmh0bWwlM2Ztc2Nsa2lkJTNkZjg1MDAzZTY2YjU3MTdmMzc2ODY2NWJlOTBmNWU3NWYlMjZ1dG1fc291cmNlJTNkYmluZyUyNnV0bV9tZWRpdW0lM2RjcGMlMjZ1dG1fY2FtcGFpZ24lM2RSZWlib290X0VOX1NlYXJjaF9CaW5nX0ZVQ19TX1BJRDEzNDIlMjZ1dG1fdGVybSUzZHJlc3RvcmUlMjUyMGlwaG9uZSUyNnV0bV9jb250ZW50JTNkUmVzZXQlMjUyMC0lMjUyMEVN&rlid=f85003e66b5717f3768665be90f5e75f&ntb=1,
2024-05-30T22:20:18.945Z,https://www.bing.com/search?q=restore+iphone&form=WSBEDG&qs=LS&cvid=b0794394eafc4799b48f094c1bc66535&pq=restore+ip&cc=CA&setlang=en-US&nclid=65F8D6E8D59B3B23F36126FDEBAC96DC&ts=1717107618313&nclidts=1717107618&tsms=313&wsso=Moderate,restore iphone - Search
2024-05-30T22:16:33.195Z,https://outlook.live.com/mail/0/inbox/id/AQQkADAwATM0MDAAMS03MzlkLTVmODgALTAwAi0wMAoAEABDKmY8eLXBQYfYsYBQ0yv9?actSwt=true,Mail - Steph Chafe - Outlook
2024-05-30T22:15:00.910Z,https://outlook.live.com/mail/0/?actSwt=true,Mail - Steph Chafe - Outlook
2024-05-30T22:11:56.289Z,https://accounts.google.com/info/sessionexpired?TL=ALv_Gf_AGw6RCKgwrgZxBZiTeH4VYyVigcBmqmRbyrDFIsL_MqiKN_rYT1w7gQyb&checkConnection=youtube%3A101&checkedDomains=youtube&continue=https%3A%2F%2Fmyaccount.google.com%3Futm_source%3Daccount-marketing-page%26utm_medium%3Dgo-to-account-button&ddm=0&dsh=S-1324786072%3A1717105857054749&flowEntry=ServiceLogin&flowName=GlifWebSignIn&ifkv=AaSxoQwQ0dQ5pkEIPsKitJQFbNbvZfBvGRyyv9Xvpuaf6HAds34a9DIsYHafoTyw-pjPVcldWMZvfg&pstMsg=1&service=accountsettings,Sign in - Google Accounts
2024-05-30T22:11:55.343Z,https://accounts.google.com/info/sessionexpired?TL=ALv_Gf_AGw6RCKgwrgZxBZiTeH4VYyVigcBmqmRbyrDFIsL_MqiKN_rYT1w7gQyb&checkConnection=youtube%3A101&checkedDomains=youtube&continue=https%3A%2F%2Fmyaccount.google.com%3Futm_source%3Daccount-marketing-page%26utm_medium%3Dgo-to-account-button&ddm=0&dsh=S-1324786072%3A1717105857054749&flowEntry=ServiceLogin&flowName=GlifWebSignIn&ifkv=AaSxoQwExscfDajKo06Kkaouv8_VBXynzMoC9yRb5trQeQXMtkejE_wlPUovX12TUYN5jxf_JwSK&pstMsg=1&service=accountsettings,Sign in - Google Accounts
2024-05-30T22:01:50.483Z,https://outlook.live.com/mail/0/inbox/id/AQQkADAwATM0MDAAMS03MzlkLTVmODgALTAwAi0wMAoAEADiMs09uFjPR7X42orYdbtd?actSwt=true,Mail - Steph Chafe - Outlook
2024-05-30T21:59:06.296Z,https://outlook.live.com/mail/0/inbox/id/AQQkADAwATM0MDAAMS03MzlkLTVmODgALTAwAi0wMAoAEAABBQrNy9zZTa5nctFIs%2FaL?actSwt=true,Mail - Steph Chafe - Outlook
2024-05-30T21:58:34.253Z,https://login.live.com/login.srf?lc=1033&username=stephisakai86%40outlook.com&route=C554_BAY&cobrandid=90015&id=292841&mkt=EN-US&opidt=1717106311&uaid=a43510f2a3f94600b2c849ac0b2c5d76&opid=D22B8E1781EC355B&opidt=1717106311,Continue
2024-05-30T21:58:27.191Z,https://login.live.com/ppsecure/post.srf?username=stephisakai86%40outlook.com&cobrandid=90015&id=292841&contextid=9802B1ACD590A402&opid=D22B8E1781EC355B&bk=1717106290&uaid=a43510f2a3f94600b2c849ac0b2c5d76&pid=0,Stay signed in?
2024-05-30T21:58:10.989Z,https://login.live.com/login.srf?wa=wsignin1.0&rpsnv=152&ct=1717106290&rver=7.0.6738.0&wp=MBI_SSL&wreply=https%3a%2f%2foutlook.live.com%2fowa%2f%3factSwt%3dtrue%26state%3d1%26redirectTo%3daHR0cHM6Ly9vdXRsb29rLmxpdmUuY29tL21haWwvP2FjdFN3dD10cnVl%26RpsCsrfState%3d86d80b67-126a-d5bb-557a-6005d679acf9&id=292841&aadredir=1&CBCXT=out&lw=1&fl=dob%2cflname%2cwld&cobrandid=90015&login_hint=stephisakai86%40outlook.com&username=stephisakai86%40outlook.com,Sign in to your Microsoft account
2024-05-30T21:57:48.297Z,https://outlook.live.com/mail/0/,Mail - Stephanie Chafe - Outlook
2024-05-30T21:57:48.122Z,https://login.live.com/login.srf?wa=wsignin1.0&rpsnv=152&ct=1717106267&rver=7.0.6738.0&wp=MBI_SSL&wreply=https%3a%2f%2foutlook.live.com%2fowa%2f%3fRpsCsrfState%3d86d80b67-126a-d5bb-557a-6005d679acf9&id=292841&aadredir=1&CBCXT=out&lw=1&fl=dob%2cflname%2cwld&cobrandid=90015&login_hint=stephanie.chafe86%40gmail.com&username=stephanie.chafe86%40gmail.com,Continue
2024-05-30T21:57:39.941Z,https://onedrive.live.com/?id=root&cid=D6CD6ACC13DB97DB,My files - OneDrive
2024-05-30T21:57:32.308Z,https://login.live.com/login.srf?wa=wsignin1.0&rpsnv=152&ct=1717106243&rver=7.0.6738.0&wp=MBI_SSL&wreply=https%3a%2f%2foutlook.live.com%2fowa%2f%3factSwt%3dtrue%26state%3d1%26redirectTo%3daHR0cHM6Ly9vdXRsb29rLmxpdmUuY29tL21haWwvP2FjdFN3dD10cnVl%26RpsCsrfState%3d86d80b67-126a-d5bb-557a-6005d679acf9&id=292841&aadredir=1&CBCXT=out&lw=1&fl=dob%2cflname%2cwld&cobrandid=90015&login_hint=stephisakai86%40outlook.com&username=stephisakai86%40outlook.com,Sign in to your Microsoft account
2024-05-30T21:57:15.131Z,https://outlook.live.com/mail/0/options/general/export?actSwt=true,Mail - Stephanie Chafe - Outlook
2024-05-30T21:57:10.926Z,https://outlook.live.com/mail/0/options/general/storage?actSwt=true,Mail - Stephanie Chafe - Outlook
2024-05-30T21:57:09.523Z,https://outlook.live.com/mail/0/options/general/appAppearance?actSwt=true,Mail - Stephanie Chafe - Outlook
2024-05-30T21:57:08.019Z,https://outlook.live.com/mail/0/options/general/timeAndLanguage?actSwt=true,Mail - Stephanie Chafe - Outlook
2024-05-30T21:57:04.343Z,https://outlook.live.com/mail/0/options/mail/layout?actSwt=true,Mail - Stephanie Chafe - Outlook
2024-05-30T21:56:12.414Z,https://outlook.live.com/mail/0/options/people/viewActions?actSwt=true,Mail - Stephanie Chafe - Outlook
2024-05-30T21:56:01.220Z,https://account.microsoft.com/?lang=en-US#main-content-landing-react,Microsoft account | Home
2024-05-30T21:55:47.913Z,https://account.microsoft.com/profile/,Microsoft account | Your profile
2024-05-30T21:54:51.997Z,https://account.microsoft.com/?ref=sfcaccount,Microsoft account | Home
2024-05-30T21:53:59.246Z,https://onedrive.live.com/?sw=bypass&bypassReason=abandoned&v=managestorage&usqClient=OneDrive%5FAMC,OneDrive
2024-05-30T21:53:58.704Z,https://onedrive.live.com/?sw=bypass&bypassReason=abandoned&v=managestorage&usqClient=OneDrive_AMC,Microsoft OneDrive
2024-05-30T21:53:58.325Z,https://login.live.com/login.srf?wa=wsignin1%2E0&rpsnv=152&ct=1717106037&rver=7%2E5%2E2146%2E0&wp=MBI%5FSSL&wreply=https%3A%2F%2Fonedrive%2Elive%2Ecom%2F%5Fforms%2Fdefault%2Easpx%3Fapr%3D1&lc=1033&id=250206&guests=1&wsucxt=1&cobrandid=11bd8083%2D87e0%2D41b5%2Dbb78%2D0bc43c8a8e8a&aadredir=1,Continue
2024-05-30T21:53:58.206Z,https://onedrive.live.com/?v=managestorage&usqClient=OneDrive%5FAMC,Microsoft OneDrive
2024-05-30T21:53:57.312Z,https://onedrive.live.com/?v=managestorage&usqClient=OneDrive_AMC,Microsoft OneDrive
2024-05-30T21:53:51.666Z,https://account.microsoft.com/,Microsoft account | Home
2024-05-30T21:52:44.597Z,https://outlook.live.com/people/0/,People - Stephanie Chafe - Outlook
2024-05-30T21:52:27.724Z,https://login.live.com/ppsecure/post.srf?username=outlook_D6CD6ACC13DB97DB%40outlook.com&cobrandid=90015&id=292841&contextid=1EF16BD66E96317F&opid=0A6B49F780332454&bk=1717105928&uaid=f0b2a9456c76422aa0e6f61da64f0de9&pid=0,Continue
2024-05-30T21:52:17.328Z,https://login.microsoft.com/consumers/fido/get?mkt=EN-US&lc=1033&uiflavor=web,Sign in to your account
2024-05-30T21:52:14.154Z,https://login.live.com/login.srf?wa=wsignin1.0&rpsnv=152&ct=1717105928&rver=7.0.6738.0&wp=MBI_SSL&wreply=https%3a%2f%2foutlook.live.com%2fowa%2f%3fRpsCsrfState%3d86d80b67-126a-d5bb-557a-6005d679acf9&id=292841&aadredir=1&CBCXT=out&lw=1&fl=dob%2cflname%2cwld&cobrandid=90015&login_hint=outlook_D6CD6ACC13DB97DB%40outlook.com&username=outlook_D6CD6ACC13DB97DB%40outlook.com,Sign in to your Microsoft account
2024-05-30T21:51:46.655Z,https://www.amazon.com/s?k=turbotax+2024&adgrpid=1339207563019480&hvadid=83700736025529&hvbmt=bb&hvdev=c&hvlocphy=5174&hvnetw=a&hvqmt=e&hvtargid=kwd-83701522341571&hydadcr=7696_13583969&msclkid=b2d07ca85a5516dc284f1af0ae1ddd99&tag=mh0b-20&ref=pd_sl_17knsuv1mr_b,Amazon.com : turbotax 2024
2024-05-30T21:51:46.464Z,https://www.amazon.com/s/?ie=UTF8&keywords=turbotax+2024&index=aps&tag=mh0b-20&ref=pd_sl_17knsuv1mr_b&adgrpid=1339207563019480&hvadid=83700736025529&hvnetw=a&hvqmt=e&hvbmt=bb&hvdev=c&hvlocint=&hvlocphy=5174&hvtargid=kwd-83701522341571&hydadcr=7696_13583969&msclkid=b2d07ca85a5516dc284f1af0ae1ddd99,Amazon.com : turbotax 2024
2024-05-30T21:51:01.402Z,https://accounts.google.com/v3/signin/challenge/pwd?TL=ALv_Gf_AGw6RCKgwrgZxBZiTeH4VYyVigcBmqmRbyrDFIsL_MqiKN_rYT1w7gQyb&checkConnection=youtube%3A101&checkedDomains=youtube&cid=2&continue=https%3A%2F%2Fmyaccount.google.com%3Futm_source%3Daccount-marketing-page%26utm_medium%3Dgo-to-account-button&ddm=0&dsh=S-1324786072%3A1717105857054749&flowEntry=ServiceLogin&flowName=GlifWebSignIn&ifkv=AaSxoQwExscfDajKo06Kkaouv8_VBXynzMoC9yRb5trQeQXMtkejE_wlPUovX12TUYN5jxf_JwSK&pstMsg=1&service=accountsettings,Sign in - Google Accounts
2024-05-30T21:50:57.705Z,https://accounts.google.com/v3/signin/identifier?continue=https%3A%2F%2Fmyaccount.google.com%3Futm_source%3Daccount-marketing-page%26utm_medium%3Dgo-to-account-button&ifkv=AaSxoQwExscfDajKo06Kkaouv8_VBXynzMoC9yRb5trQeQXMtkejE_wlPUovX12TUYN5jxf_JwSK&service=accountsettings&flowName=GlifWebSignIn&flowEntry=ServiceLogin&dsh=S-1324786072%3A1717105857054749&ddm=0,Sign in - Google Accounts
2024-05-30T21:50:46.012Z,https://www.google.com/account/about/?hl=en,Google Account
2024-05-30T21:50:41.883Z,https://support.google.com/accounts/answer/183723?hl=en&ref_topic=3382296&sjid=17123038939273714030-NC#zippy=%2Cadd-a-recovery-email-address,Set up a recovery phone number or email address - Computer - Google Account Help
2024-05-30T21:50:33.132Z,https://support.google.com/accounts/answer/183723?hl=en&ref_topic=3382296&sjid=17123038939273714030-NC,Set up a recovery phone number or email address - Computer - Google Account Help
2024-05-30T21:50:10.086Z,https://support.google.com/accounts/answer/114129?hl=en,Verify your account - Google Account Help
2024-05-30T21:49:47.661Z,https://accounts.google.com/speedbump/idvreenable/sendidv,Verify your identity
2024-05-30T21:49:27.852Z,https://www.bing.com/search?q=sync+microsoft+edge+across+devices&FORM=SSZIRC,sync microsoft edge across devices - Search
2024-05-30T21:49:23.800Z,https://support.microsoft.com/en-us/microsoft-edge/sign-in-to-sync-microsoft-edge-across-devices-e6ffa79b-ed52-aa32-47e2-5d5597fe4674,Sign in to sync Microsoft Edge across devices - Microsoft Support
2024-05-30T21:49:21.495Z,https://learn.microsoft.com/en-us/previous-versions/orphan-topics/ws.11/dn789205(v=ws.11)?redirectedfrom=MSDN#active-directory-domain-services-objects,Object picker UI | Microsoft Learn
2024-05-30T21:49:19.730Z,https://account.microsoft.com/devices?ref=fmdsetting&refd=account.microsoft.com,Microsoft account | Devices
2024-05-30T21:49:18.254Z,https://www.microsoft.com/en-us/microsoft-365/onedrive/download,"Download the OneDrive App for PC, Mac, Android, or iOS – Microsoft OneDrive"
2024-05-30T21:49:06.548Z,https://pcapp.store/?p=lpd_installing_r2&guid=4C4C4544-0034-5610-8053-B3C04F593933&_fcid=1717102052742927&_winver=22631&version=fa.1091m,APP STORE: Installing
2024-05-30T21:49:05.066Z,https://www.microsoft.com/en-us/edge?ep=313&form=MA13M0&es=40,Get to Know Microsoft Edge
2024-05-30T21:48:49.540Z,https://account.microsoft.com/account-checkup?uaid=79ee694f0f384c31608c83fc49de4da5&cv=AJulzHBEIkmW6D2u.34.42&client_id=4831683A&client_flight=cmmoce5ixjk&launchMethod=messageBarCtaClick&mkt=en-US&origin=AMC_Privacy&ru=https%3A%2F%2Faccount.microsoft.com%2Fprivacy%3Flang%3Den-US,Microsoft account | Account Checkup
2024-05-30T21:48:49.360Z,https://login.live.com/login.srf?wa=wsignin1.0&rpsnv=152&ct=1717105728&rver=7.0.6738.0&wp=MBI_SSL&wreply=https%3a%2f%2foutlook.live.com%2fowa%2f0%2f%3fstate%3d1%26redirectTo%3daHR0cHM6Ly9vdXRsb29rLmxpdmUuY29tL21haWwvMC8%26RpsCsrfState%3d86d80b67-126a-d5bb-557a-6005d679acf9&id=292841&aadredir=1&CBCXT=out&lw=1&fl=dob%2cflname%2cwld&cobrandid=90015,Continue
2024-05-30T21:48:47.126Z,https://photos.onedrive.com/,All Photos - OneDrive
2024-05-30T21:48:47.107Z,https://account.microsoft.com/devices?lang=en-CA,Microsoft account | Devices
2024-05-30T21:48:35.195Z,https://www.apple.com/ca/legal/more-resources/,Legal - More Resources - Apple
2024-05-30T21:48:26.630Z,https://accounts.google.com/speedbump/idvreenable?TL=ALv_Gf8a4kHGJa9-LALpY9y_uoU7g5ChP0uV4IwthbO46c0tcLGzH6SIJPCjLQAU&access_type=offline&app_domain=http%3A%2F%2F127.0.0.1%3A49818&checkConnection=youtube%3A152&checkedDomains=youtube&client_id=947318989803-6bn6qk8qdgf4n4g3pfee6491hc0brc4i.apps.googleusercontent.com&continue=https%3A%2F%2Faccounts.google.com%2Fsignin%2Foauth%2Fconsent%3Fauthuser%3Dunknown%26part%3DAJi8hAOM22SJcht_oXthBmeLj3TwN6r86Ky6EkwFMJuO5rE7C0pBhFc3ywDXJZB-p6sjRpBC4Xa8X_k6BTDLqnKRDL7RcdwOBcj-6dgIBb0Bnew8duzPbboABSmtsg-vti0TZvfZJQ_VdfjUX7V_Ar3nNcjs0AbZftT6mFXrixe9MH4GCg2imJauzc2LLjgFQXMOSWDZPEhd6de_O6Atg51UHGVNh200lQhJmdKO3yLFqy3PiJJrIhoC7YVuHtBD6h0v_R0FjU3BwUljr7qCPhE6Meo5VztcdK9dn2WwoAc7KRdNMbCrA8vtcRgGh-iZSxTuJzVbr5BU6pZQVBhR7f1IKk7mCsQnW4LtzcegN-t_se_y26Xjl270OfRwHrUxLsWwVqioMzqgL7eJ2z1d9MdwUN5DbNJbxuWYe2HuP8udgGH2n7eFFI3nKAx2i1CkgZzBC24g57iE%26flowName%3DGeneralOAuthFlow%26hl%3Den%26as%3DS1174456680%253A1717105238694573%26client_id%3D947318989803-6bn6qk8qdgf4n4g3pfee6491hc0brc4i.apps.googleusercontent.com%23&ddm=0&dsh=S1174456680%3A1717105238694573&flowName=GeneralOAuthFlow&hl=en&login_hint=stephisakai86%40gmail.com&o2v=1&opparams=%253Fhl%253Den&prompt=consent&pstMsg=1&rart=ANgoxcd8EvKw_2xp5Gbz0l56GX0xH4lS-3uTyBhnVjXCbjb-uJg3s8iuzh82qSl7COLRYbm90VPkwezoLiFmaTzLQvP7BAnsH3CO4VamYiw2HD8hZiVltxA&redirect_uri=http%3A%2F%2F127.0.0.1%3A49818&response_type=code&scope=https%3A%2F%2Fwww.googleapis.com%2Fauth%2Fflexible-api&service=lso&state=wEatyF0wZNz8O6ri3ExW,Verify your identity
2024-05-30T21:48:13.733Z,https://accounts.google.com/v3/signin/challenge/recaptcha?TL=ALv_Gf8a4kHGJa9-LALpY9y_uoU7g5ChP0uV4IwthbO46c0tcLGzH6SIJPCjLQAU&access_type=offline&app_domain=http%3A%2F%2F127.0.0.1%3A49818&checkConnection=youtube%3A152&checkedDomains=youtube&cid=1&client_id=947318989803-6bn6qk8qdgf4n4g3pfee6491hc0brc4i.apps.googleusercontent.com&continue=https%3A%2F%2Faccounts.google.com%2Fsignin%2Foauth%2Fconsent%3Fauthuser%3Dunknown%26part%3DAJi8hAOM22SJcht_oXthBmeLj3TwN6r86Ky6EkwFMJuO5rE7C0pBhFc3ywDXJZB-p6sjRpBC4Xa8X_k6BTDLqnKRDL7RcdwOBcj-6dgIBb0Bnew8duzPbboABSmtsg-vti0TZvfZJQ_VdfjUX7V_Ar3nNcjs0AbZftT6mFXrixe9MH4GCg2imJauzc2LLjgFQXMOSWDZPEhd6de_O6Atg51UHGVNh200lQhJmdKO3yLFqy3PiJJrIhoC7YVuHtBD6h0v_R0FjU3BwUljr7qCPhE6Meo5VztcdK9dn2WwoAc7KRdNMbCrA8vtcRgGh-iZSxTuJzVbr5BU6pZQVBhR7f1IKk7mCsQnW4LtzcegN-t_se_y26Xjl270OfRwHrUxLsWwVqioMzqgL7eJ2z1d9MdwUN5DbNJbxuWYe2HuP8udgGH2n7eFFI3nKAx2i1CkgZzBC24g57iE%26flowName%3DGeneralOAuthFlow%26hl%3Den%26as%3DS1174456680%253A1717105238694573%26client_id%3D947318989803-6bn6qk8qdgf4n4g3pfee6491hc0brc4i.apps.googleusercontent.com%23&ddm=0&dsh=S1174456680%3A1717105238694573&flowName=GeneralOAuthFlow&hl=en&login_hint=stephisakai86%40gmail.com&o2v=1&opparams=%253Fhl%253Den&prompt=consent&pstMsg=1&rart=ANgoxcd8EvKw_2xp5Gbz0l56GX0xH4lS-3uTyBhnVjXCbjb-uJg3s8iuzh82qSl7COLRYbm90VPkwezoLiFmaTzLQvP7BAnsH3CO4VamYiw2HD8hZiVltxA&redirect_uri=http%3A%2F%2F127.0.0.1%3A49818&response_type=code&scope=https%3A%2F%2Fwww.googleapis.com%2Fauth%2Fflexible-api&service=lso&state=wEatyF0wZNz8O6ri3ExW,Sign in - Google Accounts
2024-05-30T21:48:07.261Z,https://account.microsoft.com/devices/find-my-device,Microsoft account | Devices
2024-05-30T21:41:30.519Z,https://account.microsoft.com/devices/android-ios?refd=account.microsoft.com,Microsoft account | Devices
2024-05-30T21:41:29.829Z,https://login.live.com/login.srf?wa=wsignin1.0&rpsnv=152&checkda=1&ct=1717105289&rver=7.5.2112.0&wp=MBI_SSL&wreply=https:%2F%2Faccount.microsoft.com%2Fauth%2Fcomplete-silent-signin%3Fru%3Dhttps%253A%252F%252Faccount.microsoft.com%252Fdevices%252Fandroid-ios%253Frefd%253Daccount.microsoft.com&lc=1033&id=292666,Continue
2024-05-30T21:41:25.232Z,https://support.microsoft.com/en-us/windows/manage-devices-used-with-your-microsoft-account-d4044995-81db-b24b-757e-1102d148f441#bkmk_add,Manage devices used with your Microsoft account - Microsoft Support
2024-05-30T21:41:23.237Z,https://support.apple.com/en-ca/guide/mac-help/mchl97ff9142/14.0/mac/14.0,Perform quick actions in the Finder on Mac - Apple Support (CA)
2024-05-30T21:41:20.832Z,https://login.live.com/oauth20_authorize.srf?client_id=81feaced-5ddd-41e7-8bef-3e20a2689bb7&scope=service%3a%3aaccount.microsoft.com%3a%3aMBI_SSL+openid+profile+offline_access&redirect_uri=https%3a%2f%2faccount.microsoft.com%2fauth%2fcomplete-signin-oauth&response_type=code&state=H4sIAAAAAAAEAAXByYJDMAAA0H-Zq0NpjcphDjG1RKOWmClulMaSEksx-fp57yNtJVmgkN36925Jp2Z0l8PywH9R7K7sbtaa4xgg3Wuva9aIVNvRx_hFOIRKLQjbEi3aNi9tggpVSF90QSbTa6fvcztk2CaXbPan4NIJXPciMPV5nZttdLB7hZq9-LSJoayy816L0Y6UZ3iSoNXwn0-pMO5lMuh0ou8iu-1OxrjVq9FWYs3paQRuVX97ZauII26yA0EYPOPf8Zzbby-g6FGBAVzziRaHAUlNrIP8r3wMO1M4MCwwmp-WP6n7KVNxEsihqoREK2mxdQZEIBHz0ORrWh_VOyOUH5HQfDnrFamC5ry2MHaNy8lNiuqotiCvyqu5etYzmBBqwUT81GfofX9VnMsI_C40zLgNu3OXfn38Awv3kxxuAQAA&login_hint=stephanie.chafe86%40gmail.com&x-client-SKU=MSAL.Desktop&x-client-Ver=4.58.1.0&uaid=9184da08cd834338a919b230564cf395&msproxy=1&issuer=mso&tenant=common&ui_locales=en-US&client_info=1&epct=PAQABDgEAAADnfolhJpSnRYB1SVj-Hgd8I2FUh0AP0bUmavUhSSEoi_m8_R6Ds43NJZb--Z9FHRZPK4u_X8sRZmritnxu0HnECgoJvXEDvhW7MPJqWlsgDAEFgX1fB3IB7TdaP8LA_9GMypJma9E_n31Otx24GyLBGGYXEpKeIBMbZY1HxUErtwrVeVRWyJu0BQwEXTJY78fxe5ue09Mbjm791gW3cxqJWEnwP_EmqZEGgwBJKHgtxiAA&jshs=0#,Continue
2024-05-30T21:41:17.284Z,https://www.expressvpn.com/order,"Buy VPN With Bitcoin, PayPal, Credit Card | ExpressVPN"
2024-05-30T21:41:13.412Z,https://iforgot.apple.com/,Recover Your Apple ID - Apple
2024-05-30T21:40:39.974Z,https://accounts.google.com/v3/signin/identifier?opparams=%253Fhl%253Den&dsh=S1174456680%3A1717105238694573&access_type=offline&client_id=947318989803-6bn6qk8qdgf4n4g3pfee6491hc0brc4i.apps.googleusercontent.com&ddm=0&hl=en&login_hint=stephisakai86%40gmail.com&o2v=1&prompt=consent&redirect_uri=http%3A%2F%2F127.0.0.1%3A49818&response_type=code&scope=https%3A%2F%2Fwww.googleapis.com%2Fauth%2Fflexible-api&service=lso&state=wEatyF0wZNz8O6ri3ExW&flowName=GeneralOAuthFlow&continue=https%3A%2F%2Faccounts.google.com%2Fsignin%2Foauth%2Fconsent%3Fauthuser%3Dunknown%26part%3DAJi8hAOM22SJcht_oXthBmeLj3TwN6r86Ky6EkwFMJuO5rE7C0pBhFc3ywDXJZB-p6sjRpBC4Xa8X_k6BTDLqnKRDL7RcdwOBcj-6dgIBb0Bnew8duzPbboABSmtsg-vti0TZvfZJQ_VdfjUX7V_Ar3nNcjs0AbZftT6mFXrixe9MH4GCg2imJauzc2LLjgFQXMOSWDZPEhd6de_O6Atg51UHGVNh200lQhJmdKO3yLFqy3PiJJrIhoC7YVuHtBD6h0v_R0FjU3BwUljr7qCPhE6Meo5VztcdK9dn2WwoAc7KRdNMbCrA8vtcRgGh-iZSxTuJzVbr5BU6pZQVBhR7f1IKk7mCsQnW4LtzcegN-t_se_y26Xjl270OfRwHrUxLsWwVqioMzqgL7eJ2z1d9MdwUN5DbNJbxuWYe2HuP8udgGH2n7eFFI3nKAx2i1CkgZzBC24g57iE%26flowName%3DGeneralOAuthFlow%26hl%3Den%26as%3DS1174456680%253A1717105238694573%26client_id%3D947318989803-6bn6qk8qdgf4n4g3pfee6491hc0brc4i.apps.googleusercontent.com%23&app_domain=http%3A%2F%2F127.0.0.1%3A49818&rart=ANgoxcd8EvKw_2xp5Gbz0l56GX0xH4lS-3uTyBhnVjXCbjb-uJg3s8iuzh82qSl7COLRYbm90VPkwezoLiFmaTzLQvP7BAnsH3CO4VamYiw2HD8hZiVltxA,Sign in - Google Accounts
2024-05-30T21:34:10.692Z,https://support.apple.com/en-ca/guide/shortcuts-mac/apd163eb9f95/mac,Run a shortcut while working on your Mac - Apple Support (CA)
2024-05-30T21:34:10.004Z,https://support.apple.com/en-ca/guide/shortcuts-mac/apd961a4fc65/7.0/mac/14.0#apd3ec5a2ae3,Adjust basic privacy settings in Shortcuts on Mac - Apple Support (CA)
2024-05-30T21:34:08.226Z,https://support.apple.com/en-ca/guide/shortcuts-mac/apdfeb05586f/7.0/mac/14.0,Advanced Privacy and security settings in Shortcuts on Mac - Apple Support (CA)
2024-05-30T21:33:54.760Z,https://support.apple.com/en-ca/guide/shortcuts-mac/apd8195f96d6/7.0/mac/14.0,Limit the input for a shortcut when run from another app on Mac - Apple Support (CA)
2024-05-30T21:33:36.232Z,https://support.apple.com/en-ca/guide/mac-help/mchl1e4644c2/14.0/mac/14.0,Use the Preview pane in the Finder on Mac - Apple Support (CA)
2024-05-30T21:33:05.202Z,https://support.apple.com/en-ca/guide/mac-help/mchlp2605/mac,Organize your files in the Finder on Mac - Apple Support (CA)
2024-05-30T21:32:59.202Z,https://support.apple.com/en-us/108392,Locate and view your iPhone or iPad on your computer - Apple Support
2024-05-30T21:32:50.488Z,https://support.apple.com/en-us/118430,"If you forgot your iPhone passcode, use your Mac or PC to reset it - Apple Support"
2024-05-30T21:32:47.343Z,https://support.apple.com/en-us/108967,"How to back up your iPhone, iPad, or iPod touch with Windows - Apple Support"
2024-05-30T21:32:44.055Z,https://support.apple.com/en-gb/118426,"How to back up your iPhone, iPad and iPod touch – Apple Support (UK)"
2024-05-30T21:31:30.368Z,https://apps.microsoft.com/detail/9pb2mz1zmb1s?rtc=2&activetab=pivot%3Aoverviewtab&hl=en-ca&gl=CA,iTunes - Microsoft Apps
2024-05-30T21:31:17.504Z,https://support.apple.com/en-us/118290,Download iTunes for Windows - Apple Support
2024-05-30T21:30:49.639Z,https://getsupport.apple.com/solutions,Solutions - Apple Support
2024-05-30T21:30:39.231Z,https://getsupport.apple.com/topics,Topic Selection - Apple Support
2024-05-30T21:30:36.498Z,https://getsupport.apple.com/?caller=psp,
2024-05-30T21:30:28.374Z,https://support.apple.com/icloud,iCloud - Official Apple Support
2024-05-30T21:30:24.452Z,https://support.apple.com/en-ca/guide/icloud-windows/welcome/icloud,iCloud for Windows User Guide - Apple Support (CA)
2024-05-30T21:30:18.472Z,https://support.apple.com/en-ca/guide/devices-windows/mchl923c1147/1.4/windows/10,Intro to syncing your Windows computer and Apple devices - Apple Support (CA)
2024-05-30T21:30:15.904Z,https://support.apple.com/en-ca/guide/devices-windows/welcome/windows,Apple Devices User Guide for Windows - Apple Support (CA)
2024-05-30T21:30:09.008Z,https://support.apple.com/en-us/108313,"If you can’t remember the password for your iPhone, iPad, or iPod touch encrypted backup - Apple Support"
2024-05-30T21:30:00.043Z,https://support.apple.com/en-ca/guide/devices-windows/mchla3c8ed03/1.4/windows/10,"Back up and restore iPhone, iPad, or iPod touch to your Windows computer or iCloud - Apple Support (CA)"
2024-05-30T21:28:32.897Z,https://account.microsoft.com/devices?lang=en-US#main-content-landing-react,Microsoft account | Devices
2024-05-30T21:28:23.682Z,https://www.bing.com/search?q=sync+microsoft+edge+across+devices&filters=guid:%224534424-en-dia%22%20lang:%22en%22&form=S00028&ocid=EdgeUI-Sync,sync microsoft edge across devices - Search
2024-05-30T21:28:09.853Z,https://www.apple.com/ca/legal/privacy/,Legal - Privacy Policy - Apple
2024-05-30T21:26:42.668Z,https://www.microsoft.com/en-ca/microsoft-365/onedrive/download,"Download the OneDrive App for PC, Mac, Android, or iOS – Microsoft OneDrive"
2024-05-30T21:26:35.462Z,https://www.microsoft.com/en-ca/microsoft-365/onedrive/online-cloud-storage,Personal Cloud Storage – Microsoft OneDrive
2024-05-30T21:26:33.271Z,https://www.bing.com/search?q=get+help+with+file+explorer+in+windows+11&filters=guid:%22a2d33543-5242-788d-8994-b0be10ae5bca_win11-en-dia%22%20lang:%22en%22&form=S00028,get help with file explorer in windows 11 - Search
2024-05-30T21:26:25.663Z,https://support.apple.com/en-ca?cid=gn-ols-home-hp-tab,Official Apple Support
2024-05-30T21:26:01.201Z,https://iforgot.apple.com/password/verify/appleid,Recover Your Apple ID - Apple (CA)
2024-05-30T21:22:09.366Z,https://www.apple.com/uk/legal/privacy/,Legal - Privacy Policy - Apple
2024-05-30T21:18:12.617Z,https://pcapp.store/account/login,PC App Store™
2024-05-30T21:18:01.540Z,https://pcapp.store/?ap=adw&as=g_pm_ca_in&gclid=EAIaIQobChMIxKqezZ-2hgMVuPEYAh1zeQMNEAEYASAAEgLVZvD_BwE,PC App Store™
2024-05-30T21:17:04.841Z,https://learn.microsoft.com/en-us/microsoft-edge/devtools-guide-chromium/whats-new/2024/05/devtools-125,What's New in DevTools (Microsoft Edge 125) - Microsoft Edge Developer documentation | Microsoft Learn
2024-05-30T21:16:32.006Z,https://support.apple.com/en-ca/102656,If you forgot your Apple ID password - Apple Support (CA)
2024-05-30T21:16:25.977Z,https://support.apple.com/en-ca/iphone?cid=gn-ols-iphone-psp-prodfly,iPhone - Official Apple Support
2024-05-30T21:16:12.036Z,https://iforgot.apple.com/password/verify/phone?prs_account_nm=steph.chafe86%40gmail.com&appId=142&returnUrl=https%3A%2F%2Fwww.icloud.com%2F&sstt=6cMFA4JJaPP2vKxWNh7OyMbBWelkv7FEAvcVrRuJb48TE6QyEEQBPrtxpq4vbEuNKmnjpQIdSM8B6%2FnSiN9bnYkTdHr9dKSYWRsAlypbRxT7aivAsy5e1twT8XA4Q%2FsFdKdyfRREYpgwg379sjPZCDCNeWM8xo3BAH3gKBCKyO4%2BRMRaL90v7ncEwH%2BfUivCjbTKkQaCUZGIwqxDA%2FkcGsKrOf5U%2Bzj%2FzlANX3xu%2BXDr%2FzrFFBMxBck0LhFXMEK6EC6ROkjnhQ4%2FF9%2FnK0ADzVhyeXZ6Q92wV%2B0Nhxk1KFdbHDfomWKc58JWu%2Fz2btu8%2FWiS7tjHYPyoM5KCvNvCmYG8F5UBwXUjlOIIXyABCJzMeauVXZPKkMDKw45jbzcsb5uri1ZPyk%2Bezz9U6oYVU4WGxRM33eBTsRzUEx11qMQGV%2F3Qj9h8BFsOSkWOAUme945onP6kz8fcVtlnRwzJk0bqnBwlHT63,Recover Your Apple ID - Apple (CA)
2024-05-30T21:15:25.489Z,https://www.icloud.com/,iCloud
2024-05-30T21:15:15.108Z,https://support.apple.com/en-us/111001,Sign in with your Apple ID - Apple Support
2024-05-30T21:15:12.544Z,https://support.apple.com/en-us/102606,Get a verification code and sign in with two-factor authentication - Apple Support
2024-05-30T21:14:50.018Z,https://iforgot.apple.com/password/verify/phone?prs_account_nm=steph.chafe86%40gmail.com&appId=142&sstt=wIBEp5eSoqdaCIWFSntok7UNLK4gbGmYM963pjk%2BA5EKwliffqKLh0%2Bm2MViuLtJBV7l7D5f%2FHP5kHmTz1Tif0kiZWJTWZUUUYh3vDBEgjBpkJri2IAetlzx%2FA3bFf50gVOE93ETyn8OpWFHaFP3Iq86RrzPXCxQGj6QmH%2B8YG722fKIWEn81fS7ShBos8%2Fic29EPOZLIRf2rI%2B0aVyP4qL%2BbnE78jQm9C8yG9aWemNspsZBD9HsTqrLaZAaSxfV8QRQFrg%2BTbWxsUFLt2fxYPE1Xv%2BloJfvPtOYzEGgyfYH%2B5jJe4ogggDo5IcAvXYdhM24u%2B2K1m1DdFRheYFd3cNS6BUDBuN86kbqXA%2Ftflxzp9x7dWLU32JpTnHoiFWlkZV4i6Qv2Jil8I96oaVgqdkUFbYQ0%2B47z1rCjnktyjQmBLa3pRDkBkjhU4A4nNn1%2BzX5ZNfRuQm3VLC5WgTL64sCP8pKc0Rw,Recover Your Apple ID - Apple (CA)
2024-05-30T21:14:31.605Z,https://idmsa.apple.com/IDMSWebAuth/signin?appIdKey=d2fe035183cde78121b704ffad0f59bde083c46609514c1c379cfb8566b17e20&language=en_CA&path=%2F%3Flocale%3Den_CA%26PGF%3DPGF51001%26category_id%3DSC0066%26symptom_id%3D20322%26caller%3Dwindevapp%26webReturn%3Dtrue,Sign In - Apple
2024-05-30T21:14:22.323Z,https://getsupport.apple.com/?caller=windevapp,
2024-05-30T21:14:04.607Z,https://app.clipchamp.com/account/general,Personal Profile | Clipchamp
2024-05-30T21:13:30.774Z,https://app.clipchamp.com/editor/8bd2cee6-2158-49a2-aa59-fd4b4b66de8d?utm_source=m365createblank&context=microsoft&cid=6f4aaa12-c13b-4866-98ac-53471d4d70cb,Clipchamp - free video editor & video maker
2024-05-30T21:13:21.514Z,https://app.clipchamp.com/editor/75612874-6928-4757-a7c5-058779fb9d89?utm_source=m365createblank&context=microsoft&cid=6f4aaa12-c13b-4866-98ac-53471d4d70cb,Sign in | Clipchamp
2024-05-30T21:13:09.196Z,https://app.clipchamp.com/login/microsoft?context=microsoft&utm_source=m365createblank&cid=6f4aaa12-c13b-4866-98ac-53471d4d70cb,Clipchamp - free video editor & video maker
2024-05-30T21:13:05.988Z,https://app.clipchamp.com/editor/new?context=microsoft&utm_source=m365createblank&cid=6f4aaa12-c13b-4866-98ac-53471d4d70cb,Clipchamp - free video editor & video maker
2024-05-30T21:09:30.682Z,https://login.live.com/login.srf?wa=wsignin1.0&rpsnv=152&ct=1717103369&rver=7.0.6738.0&wp=MBI_SSL&wreply=https%3a%2f%2foutlook.live.com%2fowa%2f0%2f%3fstate%3d1%26redirectTo%3daHR0cHM6Ly9vdXRsb29rLmxpdmUuY29tL21haWwvMC8%26RpsCsrfState%3dd103c6c5-1074-8c34-83db-f2c9b30cef97&id=292841&aadredir=1&whr=gmail.com&CBCXT=out&lw=1&fl=dob%2cflname%2cwld&cobrandid=90015,Continue
2024-05-30T21:08:35.956Z,https://iforgot.apple.com/password/verify/phone?prs_account_nm=steph.chafe86%40gmail.com&appId=142&returnUrl=https%3A%2F%2Fappleid.apple.com%2F&sstt=vndya9QiPoy1FQiEXvx1JgKCZGGSSo5mqGLqR54vrmS3r2E7dvyxlC5YPoNH1x3ZntQlFCsdp5o08E0CGhs0IoRd5qvbi3Oyia%2Fq5VpGTdTmEaguxXWgZ0Akxcxf8Sbt61Gcmw0KekPX1QUMKwZJe4ZsLNApUtv9TskZkZNTm7o69StxphnjrkdBdhlDHB4xmTR3rii7g8OnSjxBgu50oVMNOF0egKniJjeFoPK%2F7v9Vs8C%2BFIGANrbjSIQGp0Adz0ipK4x0VXZ5JUEuR5rqSuGP4UPhG%2BQd9U0otPgTeb6BbgCGFlWpYU8xbCtJ%2B0iPTB2Qi2VhfL2MfwwBs6H8iFimmZ6tyBUfOGfJoqQ0lRtFi%2Bfl80C0UX7WvunHTycq7mVXSNYaTnrKlR8I69n%2F1bEm0vliQF2yqrPA5Tz2rfVjCASXORU%2B%2FBTECjn%2BMJKgvFi%2Blnk1YsXxxycHsbp%2BwUD%2Fo%2BTRYfLb,Recover Your Apple ID - Apple (CA)
2024-05-30T21:08:12.093Z,https://appleid.apple.com/sign-in,Manage your Apple ID
2024-05-30T21:08:09.412Z,https://appleid.apple.com/,Manage your Apple ID
2024-05-30T21:08:03.946Z,https://appleid.apple.com/account,Create Your Apple ID - Apple (CA)
2024-05-30T21:07:24.044Z,https://login.live.com/login.srf?wa=wsignin1.0&rpsnv=152&ct=1717103243&rver=7.5.2156.0&wp=SA_20MIN&wreply=https%3A%2F%2Faccount.live.com%2Fpassword%2Fchange%3Frefd%3Daccount.microsoft.com%26fref%3Dhome.banner.changepwd%26uaid%3D615fcc0f394c441497309db9976e4f19&lc=1033&id=38936&mkt=en-US&uaid=615fcc0f394c441497309db9976e4f19,Sign in to your Microsoft account
2024-05-30T21:07:16.551Z,https://account.microsoft.com/?ref=MeControl,Microsoft account | Home
2024-05-30T21:07:08.370Z,https://account.microsoft.com/services?lang=en-US#main-content-landing-react,Microsoft account | Services & subscriptions
2024-05-30T21:07:00.186Z,https://account.microsoft.com/devices/find-my-device?fref=home.drawers.devices.find-my-device,Microsoft account | Devices
2024-05-30T21:02:15.163Z,https://learn.microsoft.com/en-us/microsoft-edge/devtools-guide-chromium/recorder/,Record and replay user flows and measure performance - Microsoft Edge Developer documentation | Microsoft Learn
2024-05-30T21:02:11.156Z,https://learn.microsoft.com/en-us/microsoft-edge/devtools-guide-chromium/network/#log-network-activity,Inspect network activity - Microsoft Edge Developer documentation | Microsoft Learn
2024-05-30T21:02:06.536Z,https://learn.microsoft.com/en-us/microsoft-edge/devtools-guide-chromium/network/,Inspect network activity - Microsoft Edge Developer documentation | Microsoft Learn
2024-05-30T20:54:01.102Z,https://www.expressvpn.com/onecheckout-order,"Buy VPN With Bitcoin, PayPal, Credit Card | ExpressVPN"
2024-05-30T20:52:33.386Z,https://www.microsoft.com/en-ca/microsoft-365/onedrive/compare-onedrive-plans?ocid=cmmrm04nscw&activetab=tab:primaryr1,Cloud Storage Pricing and Plans
2024-05-30T20:52:20.744Z,https://support.microsoft.com/en-us/topic/how-to-associate-devices-with-the-movies-tv-app-in-windows-10-e2af4f3b-e23d-7c71-cac2-49659a2666f7,How to associate devices with the Movies & TV app in Windows 10 - Microsoft Support
2024-05-30T20:52:11.427Z,https://account.microsoft.com/devices/content,Microsoft account | Devices
2024-05-30T20:52:03.088Z,https://account.microsoft.com/devices/android-ios,Continue
2024-05-30T20:51:30.157Z,https://account.microsoft.com/devices?fref=win11_settings_bd_mydevices_register,Microsoft account | Devices
2024-05-30T20:51:25.868Z,https://account.microsoft.com/devices?flow=register&fref=Win11_Settings_BD_MyDevices_register,Microsoft account | Devices
2024-05-30T20:48:04.564Z,https://microsoftedge.github.io/Demos/devtools-console/error.html,JavaScript error reported in the Console tool
2024-05-30T20:47:27.393Z,https://www.digitalcitizen.life/sync-your-microsoft-edge-favorites-reading-list-across-devices/,"How to sync Microsoft Edge on Windows, Android, and iPhone"
2024-05-30T20:47:03.446Z,https://www.bing.com/ck/a?!&&p=2d0d023301670c5fJmltdHM9MTcxNzAyNzIwMCZpZ3VpZD0wMWFlNjgwNC05MWNiLTY4YjgtMjgyNS03YzhiOTA0NzY5YzQmaW5zaWQ9NTIyOQ&ptn=3&ver=2&hsh=3&fclid=01ae6804-91cb-68b8-2825-7c8b904769c4&psq=sync+microsoft+edge+across+devices&u=a1aHR0cHM6Ly9zdXBwb3J0Lm1pY3Jvc29mdC5jb20vZW4tdXMvbWljcm9zb2Z0LWVkZ2Uvc2lnbi1pbi10by1zeW5jLW1pY3Jvc29mdC1lZGdlLWFjcm9zcy1kZXZpY2VzLWU2ZmZhNzliLWVkNTItYWEzMi00N2UyLTVkNTU5N2ZlNDY3NA&ntb=1,
2024-05-30T20:46:53.863Z,https://learn.microsoft.com/en-us/previous-versions/orphan-topics/ws.11/dn789205(v=ws.11)?redirectedfrom=MSDN,Object picker UI | Microsoft Learn
2024-05-30T20:43:35.764Z,https://learn.microsoft.com/en-us/microsoft-edge/devtools-guide-chromium/console/console-debug-javascript#fix-javascript-errors,Fix JavaScript errors that are reported in the Console - Microsoft Edge Developer documentation | Microsoft Learn
2024-05-30T20:43:33.365Z,https://learn.microsoft.com/en-us/microsoft-edge/devtools-guide-chromium/console/console-debug-javascript,Fix JavaScript errors that are reported in the Console - Microsoft Edge Developer documentation | Microsoft Learn
2024-05-30T20:43:24.852Z,https://learn.microsoft.com/en-us/microsoft-edge/devtools-guide-chromium/console/copilot-explain-console#the-explain-this-error-feature,Explain Console errors and warnings using Copilot in Edge - Microsoft Edge Developer documentation | Microsoft Learn
2024-05-30T20:42:57.267Z,https://apps.apple.com/ca/developer/wzp-solutions-lda/id1316153435,Wzp Solutions Lda Apps on the App Store
2024-05-30T20:42:55.105Z,https://apps.apple.com/ca/app/find-air-find-my-device/id1507917112,Find Air - Find my device on the App Store
2024-05-30T20:42:27.964Z,https://apps.apple.com/ca/app/apple-support/id1130498044?l=en&see-all=customers-also-bought-apps,Apple Support - You Might Also Like
2024-05-30T20:42:14.280Z,https://apps.apple.com/ca/app/apple-support/id1130498044?l=en,Apple Support on the App Store
2024-05-30T20:42:13.835Z,https://apps.apple.com/ca/app/apple-support/id1130498044?pt=2003&ct=support.findmy&mt=8&l=en,Apple Support on the App Store
2024-05-30T20:41:49.783Z,https://support.apple.com/en-ca/find-my?cid=gn-ols-findmy-collection-helpful_topics,Find My - Official Apple Support
2024-05-30T20:40:06.452Z,https://account.microsoft.com/devices/find-my-device?deviceId=global[0018C007EE70FB5A],Microsoft account | Devices
2024-05-30T20:39:29.276Z,https://account.microsoft.com/devices?ref=fmdsetting,Microsoft account | Devices
2024-05-30T20:38:53.423Z,https://account.microsoft.com/devices?ref=fmdsetting&refd=account.microsoft.com,Microsoft account | Devices
2024-05-30T20:38:52.580Z,https://login.live.com/login.srf?wa=wsignin1.0&rpsnv=152&checkda=1&ct=1717101532&rver=7.5.2112.0&wp=MBI_SSL&wreply=https:%2F%2Faccount.microsoft.com%2Fauth%2Fcomplete-silent-signin%3Fru%3Dhttps%253A%252F%252Faccount.microsoft.com%252Fdevices%253Fref%253Dfmdsetting%2526refd%253Daccount.microsoft.com&lc=1033&id=292666,Continue
2024-05-30T20:38:45.496Z,https://login.microsoft.com/consumers/fido/get?mkt=EN-US&lc=1033&uiflavor=web,Sign in to your account
2024-05-30T20:38:44.695Z,https://login.live.com/oauth20_authorize.srf?client_id=81feaced-5ddd-41e7-8bef-3e20a2689bb7&scope=service%3a%3aaccount.microsoft.com%3a%3aMBI_SSL+openid+profile+offline_access&redirect_uri=https%3a%2f%2faccount.microsoft.com%2fauth%2fcomplete-signin-oauth&response_type=code&state=H4sIAAAAAAAEAAXBy4JrMAAA0H-ZrYWomLK4C6MTptXqpZLGrhlUQlDqEV8_53w0ilA8SxFTlkZXxiftsvNUSapxK7lpFoK9kTcwvM1bPFx3CbbqEd3NBE14UltKToP3ZIW-qnSmx5fjOM28Sax6IYtg6bRaj86548KHDV63IFmYaF6jaL5_ZBS-fWs26GLFLc9JidaZXtxK1sgE4aD24SUspEuuI267Ux9m5XzS0f8VPfzq9n7gTsB6v7b--usemijKB-3GzZrAgH-bXRtAgOw7Xz6dyXjBODZ2PScuIGtoGZNRqTddE_44Picuvq4JYFMCemCLVJqTq5_JUrSntfqC3W-p7QkD7ABqAMPnxauOw2fGFnUzMPYN6O3uRRP4VO_P9yy1yx9fHShGUU4bW0glssTNRihzzTov9N_HH3IgNxhuAQAA&prompt=login&x-client-SKU=MSAL.Desktop&x-client-Ver=4.58.1.0&uaid=7b33f7265c1f4aa4b8457d07ff13adcf&msproxy=1&issuer=mso&tenant=common&ui_locales=en-US&client_info=1&epct=PAQABDgEAAADnfolhJpSnRYB1SVj-Hgd8dzrfhE0eLmsPv9T31TaTOFTYUXJ9bdwvHa23WTr4vn8DSuG53y_9UuZPo4Duq8Dp5yQ96gKvoWy02JiY9TVlw6pXeJ7eaR2Vhe76R4dbt3LyfEo_hdXWDcMEuTqR21e8VVF30A4uEdFD6b3XYxFq5spojd8rC0itQ-l6XNOdjBD-0-3IVzQZ6gLIuUNM6Pd23Nj4DE-OK1e95Y_NxvhPoCAA&jshs=0&username=stephanie.chafe86%40gmail.com&login_hint=stephanie.chafe86%40gmail.com,Sign in to your Microsoft account
2024-05-30T20:38:41.392Z,https://login.microsoftonline.com/common/oauth2/v2.0/authorize?scope=service::account.microsoft.com::MBI_SSL+openid+profile+offline_access&response_type=code&client_id=81feaced-5ddd-41e7-8bef-3e20a2689bb7&redirect_uri=https:%2F%2Faccount.microsoft.com%2Fauth%2Fcomplete-signin-oauth&client-request-id=7b33f726-5c1f-4aa4-b845-7d07ff13adcf&x-client-SKU=MSAL.Desktop&x-client-Ver=4.58.1.0&x-client-OS=Windows+Server+2019+Datacenter&prompt=login&client_info=1&state=H4sIAAAAAAAEAAXBy4JrMAAA0H-ZrYWomLK4C6MTptXqpZLGrhlUQlDqEV8_53w0ilA8SxFTlkZXxiftsvNUSapxK7lpFoK9kTcwvM1bPFx3CbbqEd3NBE14UltKToP3ZIW-qnSmx5fjOM28Sax6IYtg6bRaj86548KHDV63IFmYaF6jaL5_ZBS-fWs26GLFLc9JidaZXtxK1sgE4aD24SUspEuuI267Ux9m5XzS0f8VPfzq9n7gTsB6v7b--usemijKB-3GzZrAgH-bXRtAgOw7Xz6dyXjBODZ2PScuIGtoGZNRqTddE_44Picuvq4JYFMCemCLVJqTq5_JUrSntfqC3W-p7QkD7ABqAMPnxauOw2fGFnUzMPYN6O3uRRP4VO_P9yy1yx9fHShGUU4bW0glssTNRihzzTov9N_HH3IgNxhuAQAA&msaoauth2=true&lc=1033,Sign in to your account
2024-05-30T20:37:16.216Z,https://www.microsoft.com/en-us/microsoft-365/onedrive/download,"Download the OneDrive App for PC, Mac, Android, or iOS – Microsoft OneDrive"
2024-05-30T20:35:03.374Z,https://onedrive.live.com/?id=root&cid=D6CD6ACC13DB97DB,My files - OneDrive
2024-05-30T20:34:56.641Z,https://onedrive.live.com/?gologin=1&su=1&wa=wsignin1%2E0,OneDrive
2024-05-30T20:34:56.056Z,https://onedrive.live.com/?gologin=1&su=1&wa=wsignin1.0,Microsoft OneDrive
2024-05-30T20:34:55.561Z,https://login.live.com/login.srf?lc=1033&mkt=en-US&route=C554_BAY&id=250206&opidt=1717101292&uaid=fa315edaa4194b8fb641a9d1ebf9cc89&opid=786F45643EDC3FC1&opidt=1717101292,Continue
2024-05-30T20:34:45.042Z,https://login.live.com/ppsecure/post.srf?wa=wsignin1.0&rpsnv=152&ct=1717101283&rver=7.5.2156.0&wp=MBI_SSL&wreply=https%3a%2f%2fonedrive.live.com%2f%3fgologin%3d1%26su%3d1&lc=1033&id=250206&mkt=en-US&uaid=a721db7622cc4920b60ef31a19c65157&route=C554_BAY,Stay signed in?
2024-05-30T20:33:50.147Z,https://signup.live.com/signup?id=250206&wreply=https%3a%2f%2fonedrive.live.com%2f%3fgologin%3d1%26su%3d1&cp=2&rx=https%3a%2f%2fonedrive.live.com%3a443%2fsignup%3fculture%3den-ca%26country%3dca&mkt=en-US&uaid=a721db7622cc4920b60ef31a19c65157&lic=1&wa=wsignin1.0,What's your birthdate?
2024-05-30T20:33:01.360Z,https://login.live.com/login.srf?wa=wsignin1.0&rpsnv=152&checkda=1&ct=1717101181&rver=7.5.2156.0&wp=MBI_SSL&wreply=https%3A%2F%2Fsignup.live.com%2Fsignup%3Fid%3D250206%26wreply%3Dhttps%253a%252f%252fonedrive.live.com%252f%253fgologin%253d1%2526su%253d1%26cp%3D2%26rx%3Dhttps%253a%252f%252fonedrive.live.com%253a443%252fsignup%253fculture%253den-ca%2526country%253dca%26mkt%3Den-US%26uaid%3Da721db7622cc4920b60ef31a19c65157%26lic%3D1&lc=1033&id=68692&mkt=en-US&uaid=a721db7622cc4920b60ef31a19c65157,Continue
2024-05-30T20:32:51.937Z,https://www.microsoft.com/en-ca/microsoft-365/onedrive/online-cloud-storage,Personal Cloud Storage – Microsoft OneDrive
2024-05-30T20:32:43.943Z,https://account.microsoft.com/account-checkup?uaid=79ee694f0f384c31608c83fc49de4da5&cv=AJulzHBEIkmW6D2u.34.42&client_id=4831683A&client_flight=cmmoce5ixjk&launchMethod=messageBarCtaClick&mkt=en-US&origin=AMC_Privacy&ru=https%3A%2F%2Faccount.microsoft.com%2Fprivacy%3Flang%3Den-US,Microsoft account | Account Checkup
2024-05-30T20:32:39.903Z,https://account.microsoft.com/privacy?lang=en-US,Microsoft account | Privacy
2024-05-30T20:32:17.136Z,https://account.live.com/Activity?mkt=en-US&refd=account.microsoft.com&refp=security&uaid=a721db7622cc4920b60ef31a19c65157,See when and where you've used your account
2024-05-30T20:32:16.665Z,https://login.live.com/login.srf?wa=wsignin1.0&rpsnv=152&ct=1717101136&rver=7.5.2156.0&wp=SA_20MIN&wreply=https%3A%2F%2Faccount.live.com%2FActivity%3Fmkt%3Den-US%26refd%3Daccount.microsoft.com%26refp%3Dsecurity%26uaid%3Da721db7622cc4920b60ef31a19c65157&lc=1033&id=38936&mkt=en-US&uaid=a721db7622cc4920b60ef31a19c65157,Continue
2024-05-30T20:32:11.476Z,https://account.microsoft.com/security?fref=home.drawers.security.security-dashboard,Microsoft account | Security
2024-05-30T20:31:54.070Z,https://account.microsoft.com/?lang=en-US#main-content-landing-react,Microsoft account | Home
2024-05-30T20:31:48.694Z,https://account.microsoft.com/services?lang=en-US,Microsoft account | Services & subscriptions
2024-05-30T20:31:32.714Z,https://account.microsoft.com/devices/recoverykey?refd=account.microsoft.com,Microsoft account | BitLocker recovery keys
2024-05-30T20:31:31.997Z,https://login.live.com/login.srf?wa=wsignin1.0&rpsnv=152&checkda=1&ct=1717101091&rver=7.5.2112.0&wp=SA_20MIN&wreply=https:%2F%2Faccount.microsoft.com%2Fauth%2Fcomplete-silent-signin%3Fru%3Dhttps%253A%252F%252Faccount.microsoft.com%252Fdevices%252Frecoverykey%253Frefd%253Daccount.microsoft.com&lc=1033&id=292666,Continue
2024-05-30T20:31:23.807Z,https://account.microsoft.com/devices/device?deviceId=global[0018C007EE70FB5A],Microsoft account | Devices
2024-05-30T20:31:20.315Z,https://account.microsoft.com/devices,Microsoft account | Devices
2024-05-30T20:31:09.951Z,https://account.microsoft.com/devices/find-my-device,Microsoft account | Devices
2024-05-30T20:31:06.489Z,https://account.microsoft.com/devices?lang=en-US#main-content-landing-react,Microsoft account | Devices
2024-05-30T20:30:58.629Z,https://account.microsoft.com/devices/find-my-device?fref=home.drawers.devices.find-my-device,Microsoft account | Devices
2024-05-30T20:30:51.657Z,https://account.microsoft.com/?ref=Edge_settings&status=cancelled&res=acw_landing_page_cancelled,Microsoft account | Home
2024-05-30T20:30:45.516Z,https://account.microsoft.com/account-checkup?uaid=ec6f76eedd0465781beaba93b7f53e63&cv=AJulzHBEIkmW6D2u.17.35&client_id=4831683A&client_flight=cmmenbvo5zj&launchMethod=autoLaunch&mkt=en-US&origin=AMC_Home&ru=https%3A%2F%2Faccount.microsoft.com%2F%3Fref%3DEdge_settings,Microsoft account | Account Checkup
2024-05-30T20:30:35.394Z,https://outlook.live.com/mail/0/,Mail - Stephanie Chafe - Outlook
2024-05-30T20:30:35.096Z,https://login.live.com/login.srf?wa=wsignin1.0&rpsnv=152&ct=1717101034&rver=7.0.6738.0&wp=MBI_SSL&wreply=https%3a%2f%2foutlook.live.com%2fowa%2f%3fRpsCsrfState%3dd103c6c5-1074-8c34-83db-f2c9b30cef97&id=292841&aadredir=1&CBCXT=out&lw=1&fl=dob%2cflname%2cwld&cobrandid=90015,Continue
2024-05-30T20:30:16.849Z,https://photos.onedrive.com/,All Photos - OneDrive
2024-05-30T20:30:16.723Z,https://photos.onedrive.com/auth/login,
2024-05-30T20:30:16.400Z,https://login.live.com/oauth20_authorize.srf?client_id=073204aa-c1e0-4e66-a200-e5815a0aa93d&scope=OneDrive.ReadWrite+Files.ReadWrite+People.Read+User.Read+offline_access+openid+profile&redirect_uri=https%3a%2f%2fphotos.onedrive.com%2fauth%2flogin&response_type=code&state=%2f&response_mode=form_post&nonce=lh.88267db8-4bd4-4ee6-9936-b0b3efb1be95&login_hint=stephanie.chafe86%40gmail.com&uaid=2063e2e16bcb4ab1947bee6dc6f54e8d&msproxy=1&issuer=mso&tenant=consumers&ui_locales=en-US&epct=PAQABDgEAAADnfolhJpSnRYB1SVj-Hgd8J8JPWN5fgwoRdR_f27U3UawHQWAZf1NjiljwxMSBWSOgXpp8egXx3U3qh-u0jDBH13oJopcv7GysYElE828Lyn8sw3MZDpLKCdclYX2Mxr7b8QqsqX5RRHnpksOQwb-LzALIvELZ77FwcQcN7bfblx33C-5BkpR8PdMocQLuMbYeLWfgyUW5lUf702TB2MiPf3qgUR9jj-HLpUj1aubDriAA&jshs=0#,Continue
2024-05-30T20:30:01.703Z,https://onedrive.live.com/?gologin=1,My files - OneDrive
2024-05-30T20:30:01.366Z,https://login.live.com/login.srf?wa=wsignin1%2E0&rpsnv=152&ct=1717101001&rver=7%2E5%2E2146%2E0&wp=MBI%5FSSL&wreply=https%3A%2F%2Fonedrive%2Elive%2Ecom%2F%5Fforms%2Fdefault%2Easpx%3Fapr%3D1&lc=1033&id=250206&guests=1&wsucxt=1&cobrandid=11bd8083%2D87e0%2D41b5%2Dbb78%2D0bc43c8a8e8a&aadredir=1,Continue
2024-05-30T20:28:36.997Z,https://account.microsoft.com/devices?lang=en-CA,Microsoft account | Devices
2024-05-30T20:28:29.105Z,https://account.live.com/consent/Manage?uaid=a721db7622cc4920b60ef31a19c65157&fref=home.drawers.privacy.app-and-services&guat=1,Apps and services you've given access
2024-05-30T20:28:28.616Z,https://login.live.com/oauth20_authorize.srf?client_id=0000000000009818&response_mode=form_post&response_type=token&scope=https%3a%2f%2fgraph.microsoft.com%2fuser.read&state=fref%3dhome.drawers.privacy.app-and-services%26uaid%3da721db7622cc4920b60ef31a19c65157%26guat%3d1&redirect_uri=https%3a%2f%2faccount.live.com%2fconsent%2fManage&mkt=en-CA&uaid=a721db7622cc4920b60ef31a19c65157,Continue
2024-05-30T20:28:28.023Z,https://login.live.com/login.srf?wa=wsignin1.0&rpsnv=152&ct=1717100907&rver=7.5.2156.0&wp=SAPI&wreply=https%3A%2F%2Faccount.live.com%2Fconsent%2FManage%3Ffref%3Dhome.drawers.privacy.app-and-services%26uaid%3Da721db7622cc4920b60ef31a19c65157&lc=1033&id=38936&mkt=en-US&uaid=a721db7622cc4920b60ef31a19c65157,Continue
2024-05-30T20:28:11.363Z,https://account.microsoft.com/?ref=Edge_settings,Microsoft account | Account Checkup
2024-05-30T20:27:04.808Z,https://learn.microsoft.com/en-us/microsoft-edge/devtools-guide-chromium/whats-new/2024/05/devtools-125,What's New in DevTools (Microsoft Edge 125) - Microsoft Edge Developer documentation | Microsoft Learn
2024-05-30T20:25:31.771Z,https://www.bing.com/search?q=sync+microsoft+edge+across+devices&filters=guid:%224534424-en-dia%22%20lang:%22en%22&form=S00028&ocid=EdgeUI-Sync,sync microsoft edge across devices - Search
2024-05-30T20:24:41.489Z,https://idmsa.apple.com/IDMSWebAuth/signin?appIdKey=d2fe035183cde78121b704ffad0f59bde083c46609514c1c379cfb8566b17e20&language=en_CA&path=/products?webReturn=true,Sign In - Apple
2024-05-30T20:24:35.195Z,https://getsupport.apple.com/?caller=kbase&SG=SG003&category_id=SC0043&symptom_id=23268,Apple Support
2024-05-30T20:24:29.583Z,https://support.apple.com/en-us/108037#help,"Find the serial number or IMEI on your iPhone, iPad, or iPod touch - Apple Support"
2024-05-30T20:24:02.439Z,https://support.apple.com/en-us/101593,If your iPhone or iPad is lost or stolen - Apple Support
2024-05-30T20:23:52.816Z,https://support.apple.com/find-my?cid=gn-ols-findmy-collection-helpful_topics,Find My - Official Apple Support
2024-05-30T20:23:48.323Z,https://iforgot.apple.com/password/verify/appleid,Recover Your Apple ID - Apple (CA)
2024-05-30T20:23:44.816Z,https://iforgot.apple.com/,Recover Your Apple ID - Apple
2024-05-30T20:21:29.592Z,https://account.microsoft.com/devices/find-my-device?deviceId=global%5B0018C007EE70FB5A%5D&refd=account.microsoft.com,Microsoft account | Devices
2024-05-30T20:21:29.075Z,https://login.live.com/login.srf?wa=wsignin1.0&rpsnv=152&checkda=1&ct=1717100488&rver=7.5.2112.0&wp=MBI_SSL&wreply=https:%2F%2Faccount.microsoft.com%2Fauth%2Fcomplete-silent-signin%3Fru%3Dhttps%253A%252F%252Faccount.microsoft.com%252Fdevices%252Ffind-my-device%253FdeviceId%253Dglobal%25255B0018C007EE70FB5A%25255D%2526refd%253Daccount.microsoft.com&lc=1033&id=292666,Continue
2024-05-30T20:21:23.999Z,https://login.microsoftonline.com/common/oauth2/v2.0/authorize?scope=service%3A%3Aaccount.microsoft.com%3A%3AMBI_SSL%20openid%20profile%20offline_access&response_type=code&client_id=81feaced-5ddd-41e7-8bef-3e20a2689bb7&redirect_uri=https%3A%2F%2Faccount.microsoft.com%2Fauth%2Fcomplete-signin-oauth&x-anchormailbox=upn%3Astephanie.chafe86%40gmail.com&client-request-id=c5112450-c128-4252-a3e4-d4ae89cf2388&x-client-SKU=MSAL.Desktop&x-client-Ver=4.58.1.0&x-client-OS=Windows%20Server%202019%20Datacenter&client_info=1&state=H4sIAAAAAAAEAAXByYJDMAAA0H-Zq4MaSnKYQ42l1oZoLDexFFNLF2n4-nnvy4ySvJNNG35Q7kKJKIwx3oR0TeHFcHIPvvBF6b0sDrpChNIU2vBSjRVvGrEujcoxs_e2aGxszGrsn_CZ2bo6VOgeuLtWt4zh_t3_UawaDeF8RjusPQ92Pl9eZRD8UkWw5ShOVZAI0WFKQx4L3yBiHUlYbs44pV03K3EdvW9E1C34IfWQYXG4TvZtvhZ2T3NMzHp9FBC8wBXpRak7isYduu13y69WHp3RwSDykunWICRrEkqtl7mW8mjnErHEXC9H6xg12vlPej7DTVc-9ASPgAoiA8HaT1vuZ-D-6CsuYlIbR67OBwwTWdtjdXfbbh2QWxRx-kn9X22hcKo2PLMpk1gsUxX3pDspI1-X-hvg8_kODmWSVMh33ago0a3oAGqcUZNaVZsHEExGdtN0cvr5-foHPEJJJZoBAAA&msaoauth2=true&lc=1033&prompt=select_account&ru=https%3A%2F%2Faccount.microsoft.com%2Fdevices%2Ffind-my-device%3FdeviceId%3Dglobal%5B0018C007EE70FB5A%5D,Sign in to your account
2024-05-30T20:21:15.736Z,https://account.microsoft.com/devices/find-my-device?deviceId=global[0018C007EE70FB5A],Microsoft account | Devices
2024-05-30T20:21:05.936Z,https://login.live.com/login.srf?wa=wsignin1.0&rpsnv=152&checkda=1&ct=1717100465&rver=7.5.2112.0&wp=MBI_SSL&wreply=https:%2F%2Faccount.microsoft.com%2Fauth%2Fcomplete-silent-signin%3Fru%3Dhttps%253A%252F%252Faccount.microsoft.com%252Fdevices%253Fref%253Dfmdsetting%2526refd%253Daccount.microsoft.com&lc=1033&id=292666,Continue
2024-05-30T20:20:59.200Z,https://login.live.com/ppsecure/post.srf?client_id=81feaced-5ddd-41e7-8bef-3e20a2689bb7&uaid=976aca5ce40e4f4ca12288326b766a63&pid=15216&opid=2255E11DB0B68908&route=C510_SN1,Stay signed in?
2024-05-30T20:20:58.083Z,https://login.live.com/ppsecure/partnerpost.srf?flow=fido&client_id=81feaced-5ddd-41e7-8bef-3e20a2689bb7&scope=service%3a%3aaccount.microsoft.com%3a%3aMBI_SSL+openid+profile+offline_access&redirect_uri=https%3a%2f%2faccount.microsoft.com%2fauth%2fcomplete-signin-oauth&response_type=code&state=H4sIAAAAAAAEAA3Py6JCQAAA0H-5WwtvMxZ3IfIYQjQNdkJGJTXl-fX3nj84P4Lu6kvTw2cn6YLS1V7ZmLPOc-GKRzGJgIJloJb5rbcvAARZhX3mgwSmFtZOlA77s196rMSOtgVjOosu6tTLwkFOdt96ix-a7B02GVQHeQzR58ijrS2MVQg4y4_rx1Oc1v4epORafJp66Ifbmol1F7vRBEXoF3MmqbvPaU2OJXfOnjI2NBZG14gCCwpkPVTunvGwriaHRemLEfWlxrOYUIbzd0F5K8E9hTxxlnmSPBqaCXGCffYEU25-RRs2PcuuOUK3HXKgQvIKRIuxjLZy1uDX_n-9BUnJLscFJcabfAo-9sWCX4CbfitUfE9BfUwj4s0wHEqqE_7RGtYhQhsIXuaIXXpnAzK90ou1ckns9vfnD2m-dWZuAQAA&prompt=login&x-client-SKU=MSAL.Desktop&x-client-Ver=4.58.1.0&uaid=976aca5ce40e4f4ca12288326b766a63&msproxy=1&issuer=mso&tenant=common&ui_locales=en-US&client_info=1&epct=PAQABDgEAAADnfolhJpSnRYB1SVj-Hgd8E7glJYNzxzmyWX_n3UuQ4YCiHGAtVx-x6bb5X1agRmFNRPXilqxi7NsaQDY2yTQODhTFwr1bZfTcbRiwCd9gUWwq9UkH06FxkQmHKAtPh7hM7DtolnrKs4Q1ms23Ra0_Jy5XuiZuWbrcdJfxF_XwgWNHveYrrs_hUtrDissQTLl4jk_dPR9MDfv8DESk2CAZui62FSKaGzb27UtnCJj8YSAA&jshs=0,Microsoft account
2024-05-30T20:20:30.607Z,https://login.microsoft.com/common/fido/get?uiflavor=Host,Sign in to your account
2024-05-30T20:20:29.906Z,https://login.microsoftonline.com/common/oauth2/v2.0/authorize?scope=service::account.microsoft.com::MBI_SSL+openid+profile+offline_access&response_type=code&client_id=81feaced-5ddd-41e7-8bef-3e20a2689bb7&redirect_uri=https:%2F%2Faccount.microsoft.com%2Fauth%2Fcomplete-signin-oauth&client-request-id=976aca5c-e40e-4f4c-a122-88326b766a63&x-client-SKU=MSAL.Desktop&x-client-Ver=4.58.1.0&x-client-OS=Windows+Server+2019+Datacenter&prompt=login&client_info=1&state=H4sIAAAAAAAEAA3Py6JCQAAA0H-5WwtvMxZ3IfIYQjQNdkJGJTXl-fX3nj84P4Lu6kvTw2cn6YLS1V7ZmLPOc-GKRzGJgIJloJb5rbcvAARZhX3mgwSmFtZOlA77s196rMSOtgVjOosu6tTLwkFOdt96ix-a7B02GVQHeQzR58ijrS2MVQg4y4_rx1Oc1v4epORafJp66Ifbmol1F7vRBEXoF3MmqbvPaU2OJXfOnjI2NBZG14gCCwpkPVTunvGwriaHRemLEfWlxrOYUIbzd0F5K8E9hTxxlnmSPBqaCXGCffYEU25-RRs2PcuuOUK3HXKgQvIKRIuxjLZy1uDX_n-9BUnJLscFJcabfAo-9sWCX4CbfitUfE9BfUwj4s0wHEqqE_7RGtYhQhsIXuaIXXpnAzK90ou1ckns9vfnD2m-dWZuAQAA&msaoauth2=true&lc=1033,Sign in to your account
2024-05-15T15:52:14.291Z,https://www.bing.com/search?q=get+help+with+file+explorer+in+windows+11&filters=guid:%22a2d33543-5242-788d-8994-b0be10ae5bca_win11-en-dia%22%20lang:%22en%22&form=S00028,get help with file explorer in windows 11 - Search
2024-05-15T06:12:02.791Z,https://www.bing.com/search?q=free+2023+tax+software&gs_lcrp=EgZjaHJvbWUqBwgAEEUYwgMyBwgAEEUYwgMyBwgBEEUYwgMyBwgCEEUYwgMyBwgDEEUYwgMyBwgEEEUYwgPSAQ40MzYzNTAxMTUwajBqMagCBbACAQ&FORM=ANNTA1&PC=U531,free 2023 tax software - Search
2024-05-15T06:12:02.662Z,https://www.bing.com/search?pglt=41&q=wealthsimple+tax&cvid=d7a4ff84fbd14e2c9e8de1aa801e9d15&gs_lcrp=EgZjaHJvbWUqBggDEAAYQDIGCAAQRRg8MgYIARAuGEAyBggCEC4YQDIGCAMQABhAMgYIBBAAGEAyBggFEAAYQDIGCAYQRRg8MgYIBxBFGDwyBggIEEUYPNIBCTEzNDc0ajBqMagCALACAA&FORM=ANNTA1&PC=U531,wealthsimple tax - Search
2024-05-15T06:11:59.279Z,https://www.bing.com/search?pglt=41&q=cra+my+account&cvid=554e76ebcbb745fea984b7ebc1c74f35&gs_lcrp=EgZjaHJvbWUqBggBEAAYQDIGCAAQLhhAMgYIARAAGEAyBggCEEUYOTIGCAMQABhAMgYIBBAAGEAyBggFEAAYQDIGCAYQABhAMgYIBxBFGDwyBggIEEUYPNIBCDQzOTFqMGoxqAIAsAIA&FORM=ANNTA1&PC=U531,cra my account - Search
2024-05-15T06:11:56.970Z,https://www.bing.com/search?q=free+2023+tax+filing+online&FORM=LGWQS5,free 2023 tax filing online - Search
2024-05-15T06:11:56.853Z,https://www.bing.com/search?q=free+2023+tax+software&form=ANNTH1&refig=4679e158f87a4927af359591ef1a0c65&pc=U531&sp=2&lq=0&qs=HS&sk=HS1&sc=10-0&cvid=4679e158f87a4927af359591ef1a0c65,free 2023 tax software - Search
2024-05-15T06:11:55.884Z,https://www.bing.com/search?q=wealthsimple+tax+online&FORM=LGWQS6&ntref=1,wealthsimple tax online - Search
2024-05-15T06:11:54.341Z,https://www.bing.com/search?q=wealthsimple+tax&gs_lcrp=EgZjaHJvbWUqBwgDEEUYwgMyBwgAEEUYwgMyBwgBEEUYwgMyBwgCEEUYwgMyBwgDEEUYwgMyBwgEEEUYwgMyBwgFEEUYwgMyBwgGEEUYwgPSAQsyOTEyMjg3ajBqNKgCB7ACAQ&FORM=ANAB01&PC=U531&ntref=1,wealthsimple tax - Search
2024-05-15T06:11:49.221Z,https://www.bing.com/search?q=free+2023+tax+software&gs_lcrp=EgZjaHJvbWUqBwgEEEUYwgMyBggAEAAYQDIGCAEQLhhAMgYIAhAAGEAyBggDEAAYQDIHCAQQRRjCAzIHCAUQRRjCAzIHCAYQRRjCA9IBDjQzNjAxMTQ3ODFqMGo5qAIDsAIB&FORM=ANAB01&PC=U531,free 2023 tax software - Search
2024-05-15T06:11:48.328Z,https://www.bing.com/search?q=free+2023+tax+software&form=ANNTH1&refig=4679e158f87a4927af359591ef1a0c65&pc=U531&sp=2&lq=0&qs=HS&sk=HS1&sc=10-0&cvid=4679e158f87a4927af359591ef1a0c65&ntref=1,free 2023 tax software - Search
2024-05-15T06:11:48.307Z,https://www.bing.com/search?q=123+movies+online+free&cvid=7d92655ef22b4ab19cc4692da46f6d09&gs_lcrp=EgZjaHJvbWUqBggCEAAYQDIGCAAQRRg5MgYIARAAGEAyBggCEAAYQDIGCAMQABhAMgYIBBAAGEAyBggFEAAYQDIGCAYQABhAMgYIBxAAGEAyBggIEAAYQNIBCTI0MjMwajBqOagCALACAA&FORM=ANAB01&PC=U531,123 movies online free - Search
2024-05-15T06:11:42.276Z,https://www.canada.ca/en/revenue-agency/services/tax/individuals/topics/about-your-tax-return/tax-return/completing-a-tax-return/deductions-credits-expenses/line-31600-disability-amount-self.html,Line 31600 – Disability amount for self - Canada.ca
2024-05-15T06:11:39.096Z,https://cotu398hubcc73fvgmqg.networkdeepchains.co.in/01/?cid=2de9a26199ca7e7bf23a&extclickid=com45cghubcc73cfukmg&clickid=cotu398hubcc73fvgmqg&list=8&lp_key=17152221095b4f9c8d1ab1edee13d6b6b16bf00721&domain=deepflowdiscovery.com&language=en-US&browser=Edge#,McAfee Total Security
2024-05-15T06:11:39.019Z,https://help.wealthsimple.com/hc/en-ca/articles/4409565496987-What-is-the-NETFILE-access-code,What is the NETFILE access code? – Help Centre
2024-05-15T06:11:38.978Z,https://www.bodog.eu/betting-offers/multichannel-welcome-bonus/?referral=83o5aaWZ2nXsJAoUMjV53mNd7ZgqdRLk&affid=15652,Multi Channel Welcome Bonus
2024-05-15T06:11:38.959Z,https://my.wealthsimple.com/app/login?product=tax&redirect=tax-onboarding%2F2023%3FtaxRedirect%3D%252F%253Flang%3Den,Log in to Wealthsimple
2024-05-15T06:11:38.916Z,https://apps3.ams-sga.cra-arc.gc.ca/gol-ged/awsc/amss/enrol/error/ERR.010,Canada Revenue Agency - Error [ERR.010]
2024-05-08T20:33:42.586Z,https://cotu398hubcc73fvgmqg.networkdeepchains.co.in/01/?cid=2de9a26199ca7e7bf23a&extclickid=com45cghubcc73cfukmg&clickid=cotu398hubcc73fvgmqg&list=8&lp_key=17152221095b4f9c8d1ab1edee13d6b6b16bf00721&domain=deepflowdiscovery.com&language=en-US&browser=Edge#,McAfee Total Security
2024-05-08T20:33:11.271Z,https://rewards.bing.com/redeem/000705000706?form=edgepredeem,"1 Contest Entry: $1,360 Prepaid Gift Card"
2024-05-08T20:33:06.873Z,https://rewards.bing.com/redeem/?form=edgepredeem,Microsoft Rewards redemption catalog
2024-05-08T20:31:34.429Z,https://www.mcafee.com/en-ca/ipz/feyncart/2web/payment.html?culture=en-ca&moguid=b56e5e49-f73b-4910-b563-244bfd4075cc&affid=1494&SID=d03589ac-96a7-4948-b3a7-4894cee0a87c&cjevent=eb202f130d7911ef80fb60c20a82b82d&csrc=cj&csrcl2=YDM3&ccoe=direct&ccoel2=am&ccstype=partnerlinks_eb202f130d7911ef80fb60c20a82b82d_usi_exitaff_cj&CID=242012&PID=101164883&dc=1&vc=SAVE10CA090924,Antivirus Software and Internet Security For Your PC or Mac | McAfee
2024-05-08T20:31:16.297Z,https://www.mcafee.com/en-ca/ipz/feyncart/2web/payment.html?culture=en-ca&moguid=b56e5e49-f73b-4910-b563-244bfd4075cc&affid=1494&SID=d03589ac-96a7-4948-b3a7-4894cee0a87c&cjevent=eb202f130d7911ef80fb60c20a82b82d&csrc=cj&csrcl2=YDM3&ccoe=direct&ccoel2=am&ccstype=partnerlinks_eb202f130d7911ef80fb60c20a82b82d&CID=242012&PID=101164883,Antivirus Software and Internet Security For Your PC or Mac | McAfee
2024-05-08T20:30:23.581Z,https://cotu1nghubcc73fv9ah0.networkdeepchains.co.in/01/?cid=2de9a26199ca7e7bf23a&extclickid=com45cghubcc73cfukmg&clickid=cotu1nghubcc73fv9ah0&list=8&lp_key=17152221095b4f9c8d1ab1edee13d6b6b16bf00522&domain=deepflowdiscovery.com&language=en-US&browser=Edge#,McAfee Total Security
2024-05-08T20:27:26.207Z,https://apps.microsoft.com/home?hl=en-us&gl=US,Home - Microsoft Apps
2024-05-08T20:27:07.176Z,https://microsoftedge.microsoft.com/addons/detail/web-mask/afhlifdmcaoflbiecggokkojdfiaihka,Web Mask - Microsoft Edge Addons
2024-05-08T20:26:57.094Z,https://microsoftedge.microsoft.com/addons/category/Developer-Tools,Microsoft Edge Add-ons - Developer tools
2024-05-08T20:26:51.453Z,https://microsoftedge.microsoft.com/addons/Microsoft-Edge-Extensions-Home,Microsoft Edge Add-ons
2024-05-06T07:59:44.997Z,https://www.disneyplus.com/account-hold,Disney+ | Movies and Shows
2024-05-06T07:59:41.614Z,https://www.disneyplus.com/home,Disney+ | Movies and Shows
2024-05-06T07:59:02.232Z,https://123moviestv.net/home,123Movies TV - Watch HD Movies Online Free & TV Series
2024-05-06T07:59:00.173Z,https://123moviestv.net/,123Movies TV - Watch HD Movies Online Free & TV Series
2024-05-06T07:58:55.794Z,https://123moviestv.net/watch-movie/watch-john-wick-chapter-4-2023-90163.9466804,Watch John Wick: Chapter 4 full movie free on 123moviestv
2024-05-06T07:56:22.876Z,https://www.bing.com/search?q=123+movies+online+free&cvid=7d92655ef22b4ab19cc4692da46f6d09&gs_lcrp=EgZjaHJvbWUqBggCEAAYQDIGCAAQRRg5MgYIARAAGEAyBggCEAAYQDIGCAMQABhAMgYIBBAAGEAyBggFEAAYQDIGCAYQABhAMgYIBxAAGEAyBggIEAAYQNIBCTI0MjMwajBqOagCALACAA&FORM=ANAB01&PC=U531,123 movies online free - Search
2024-05-06T07:55:29.398Z,https://www.bing.com/search?pglt=41&q=123movies+hackers+scammers+phishing&cvid=5e7a2507400a49ed8227d6db56adc0c0&gs_lcrp=EgZjaHJvbWUqBggAEAAYQDIGCAAQABhAMgYIARBFGDkyBggCEAAYQDIGCAMQABhAMgYIBBBFGEEyBggFEEUYPDIGCAYQRRg8MgYIBxBFGDwyBggIEEUYPNIBCDUyNTJqMGoxqAIAsAIA&FORM=ANNTA1&PC=U531,123movies hackers scammers phishing - Search
2024-05-06T07:55:08.627Z,https://apps8.ams-sga.cra-arc.gc.ca/gol-ged/awsc/amss/enrol/error/ERR.010?,Canada Revenue Agency - Error [ERR.010]
2024-04-03T23:54:31.939Z,https://www.disneyplus.com/home,Disney+ | Movies and Shows
2024-03-02T22:20:01.911Z,https://www.disneyplus.com/home,Disney+ | Movies and Shows
